<?xml version="1.0" encoding="utf-8"?>
<odoo>
    <!-- Chart Template -->
    <record id="account_arabic_coa_general" model="account.chart.template">
        <field name="property_account_receivable_id" ref="account_receivable"/>
        <field name="property_account_payable_id" ref="account_payable"/>
        <field name="property_account_expense_id" ref="52900_general_product_cost"/>
        <field name="property_account_income_id" ref="47910_general_product_sales"/>
        <field name="property_account_expense_categ_id" ref="52900_general_product_cost"/>
        <field name="property_account_income_categ_id" ref="47910_general_product_sales"/>
        <field name="income_currency_exchange_account_id" ref="47910_general_product_sales"/>
        <field name="expense_currency_exchange_account_id" ref="52900_general_product_cost"/>
    </record>
</odoo>
